-- ============================================================
-- ИНСТРУКЦИЯ ДЛЯ ПАРТНЁРА:
--   1. Выполните секцию CREATE TABLE
--   2. Выполните INSERT-блоки
--   3. Для экспорта используйте SELECT-скрипты в конце файла
-- ============================================================

DROP TABLE IF EXISTS cust_extra     CASCADE;
DROP TABLE IF EXISTS cust_consents  CASCADE;
DROP TABLE IF EXISTS cust_docs      CASCADE;
DROP TABLE IF EXISTS cust_addresses CASCADE;
DROP TABLE IF EXISTS customers      CASCADE;

-- ============================================================
-- СТРУКТУРА ТАБЛИЦ
-- ============================================================

CREATE TABLE customers (
    cust_id     SERIAL       PRIMARY KEY,
    fullname    VARCHAR(300),       -- ФИО одним полем, регистр не контролировался
    birth_dt    VARCHAR(50),        -- текстовое поле исторически, формат свободный
    sex         VARCHAR(20),        -- М/Ж/male/female/1/0 — зависит от интерфейса ввода
    email       VARCHAR(500),       -- legacy: несколько email в одном поле
    phone       VARCHAR(50),
    phone2      VARCHAR(50),
    inn         VARCHAR(30),        -- формат не валидировался
    snils       VARCHAR(30),        -- формат не валидировался
    marital     VARCHAR(50),
    loyalty_lvl VARCHAR(50),
    login       VARCHAR(150) UNIQUE,
    reg_date    VARCHAR(50),
    status      VARCHAR(30) DEFAULT 'активен',
    notes       TEXT
);

CREATE TABLE cust_addresses (
    addr_id   SERIAL  PRIMARY KEY,
    cust_id   INTEGER NOT NULL REFERENCES customers(cust_id),
    addr_type VARCHAR(50),          -- свободный текст: "дом", "delivery", "доставка"
    address   TEXT,                 -- полная строка адреса без нормализации
    city      VARCHAR(100),
    zip_code  VARCHAR(20)
);

CREATE TABLE cust_docs (
    doc_id   SERIAL  PRIMARY KEY,
    cust_id  INTEGER NOT NULL REFERENCES customers(cust_id),
    doc_type VARCHAR(50),
    doc_data TEXT                   -- серия+номер+кем+когда — всё в одном поле
);

CREATE TABLE cust_consents (
    consent_id  SERIAL  PRIMARY KEY,
    cust_id     INTEGER NOT NULL REFERENCES customers(cust_id),
    consent_for VARCHAR(100),
    agreed      VARCHAR(10),        -- "да"/"нет"/"1"/"0"/"yes"/"true"/"+"/"-" — как пришло
    dt          VARCHAR(50)
);

CREATE TABLE cust_extra (
    extra_id   SERIAL  PRIMARY KEY,
    cust_id    INTEGER NOT NULL REFERENCES customers(cust_id),
    param_name VARCHAR(100),        -- названия ключей не стандартизованы
    param_val  TEXT
);

-- ============================================================
-- ДАННЫЕ: customers (25 записей)
-- ============================================================

INSERT INTO customers
    (fullname, birth_dt, sex, email, phone, phone2,
     inn, snils, marital, loyalty_lvl, login, reg_date, status, notes)
VALUES

-- 1: базовый условно чистый случай
('Иванов Иван Сергеевич',
 '1988-03-15', 'M',
 'ivan.ivanov@gmail.com', '+79261234567', NULL,
 '7743001234', '112-233-445 95',
 'женат', 'gold', 'ivan.ivanov88', '2021-05-10', 'активен', NULL),

-- 2: ALL CAPS, несколько email через запятую, email в верхнем регистре
('ПЕТРОВА АННА МИХАЙЛОВНА',
 '15.07.1992', 'Ж',
 'ANNA.PETROVA@MAIL.RU, a.petrova@yandex.ru', '8(916)555-11-22', NULL,
 '7701 00 223344', NULL,
 'не замужем', 'Серебряный', 'anna.petrova', '2022-11-03', 'активен', NULL),

-- 3: только инициалы в ФИО, дата "5 января 1990 года", СНИЛС 11 цифр без форматирования
('Козлов А.Е.',
 '5 января 1990 года', 'муж',
 'kozlov.ae@bk.ru', '8 383 444 55 66', NULL,
 NULL, '32145678901',
 'холост', 'bronze', 'a.kozlov1990', '2020-02-14', 'активен', NULL),

-- 4: дата с дефисами DD-MM-YYYY, пол "МУЖСКОЙ" полным словом
('Сидоров Борис Геннадьевич',
 '15-08-1985', 'МУЖСКОЙ',
 'b.sidorov@inbox.ru', '89161112233', NULL,
 '540100 998877', '321 456 789 01',
 'Разведён', 'bronze', 'b.sidorov85', '2023-04-01', 'активен', NULL),

-- 5: ФИО строчными буквами, 3 email: один с пробелом перед ним
('новикова елена александровна',
 '01.05.1985', 'Женский',
 'e.novikova@work.ru,novikova85@mail.ru ,ea_nov@yandex.ru', '+7-495-600-11-22', NULL,
 NULL, '100-200-300 40',
 'замужем', 'platinum', 'novikova_ea', '2019-08-20', 'активен', NULL),

-- 6: пол "1" (числовой код), ИНН 13 цифр (ошибка ввода), дата DD.MM.YY
('Морозов Д.А.',
 '01.05.90', '1',
 'morozov_da@gmail.com', '8 926 777 88 99', NULL,
 '6612005544332', '55566677700',
 NULL, 'silver', 'morozov_da', '2018-06-05', 'активен', 'ИНН — уточнить'),

-- 7: дата только месяц и год (без числа), аккаунт заблокирован
('Лебедев Сергей Николаевич',
 'ноябрь 1979', 'М',
 'lebedev.sergey@list.ru', '+7 812 333 44 55', NULL,
 NULL, '55566677700',
 'женат', 'gold', 's.lebedev79', '2017-03-22', 'заблокирован', 'VIP до 2023'),

-- 8: частичный CAPS в ФИО, пол строчная "ж", ИНН с пробелами, СНИЛС нестандартный
('СОКОЛОВА Н.А.',
 '4 июля 1996', 'ж',
 'nat.sokolova@gmail.com', '8-926-123-45-67', NULL,
 '7 701 987 654', '999 888 777 66',
 'одинока', 'bronze', 'natalia.sokolova96', '2024-02-29', 'активен', NULL),

-- 9: нет телефона, нет даты рождения, два email разделены пробелом (не запятой!)
('Михайлов Андрей',
 NULL, 'male',
 'andreyM_2000@inbox.ru  andr.mikhaylov@corp.ru', NULL, NULL,
 NULL, NULL,
 'не указано', 'bronze', 'a.mikhaylov', '2025-01-10', 'активен',
 'дублирующийся аккаунт — проверить'),

-- 10: дата YYYY/MM/DD, ИНН с пробелами 12 цифр, СНИЛС с точками и дефисом
('Федорова Юлия Олеговна',
 '1985/03/15', 'Ж',
 'fedorova_y@yandex.ru', '+7(863)222-33-44', NULL,
 '6 164 001 122 33', '100.200.300-40',
 'разведена', 'silver', 'yuliya.fedorova85', '2020-09-01', 'активен', NULL),

-- 11: ИНН с пробелами (10 цифр OK), СНИЛС 11 цифр без форматирования
('Попов Виктор Геннадьевич',
 '03.11.1972', 'М',
 'v.popov@corp.ru', '+7 495 111 22 33', NULL,
 '7 743 000 132', '77700011200',
 'женат', 'gold', 'viktor.popov72', '2016-12-01', 'активен', NULL),

-- 12: дата "25 декабря 1993 года", пол "F" (латиница), два телефона
('Кузнецова Анна Максимовна',
 '25 декабря 1993 года', 'F',
 'anna.k@gmail.com', '+7(495) 123-45-67', '8-926-888-99-00',
 '7701987654', '445-566-778 99',
 'замужем', 'platinum', 'anna.kuznetsova93', '2021-07-07', 'активен', NULL),

-- 13: ALL CAPS, ИНН с дефисами (12 цифр)
('ЗАЙЦЕВ РОМАН ЕВГЕНЬЕВИЧ',
 '07-04-1991', 'М',
 'roman.zaitsev@rambler.ru', '89031234567', NULL,
 '5040-001-234-56', '98765432100',
 'Холост', 'silver', 'roman.zaitsev91', '2022-07-15', 'активен', NULL),

-- 14: только первая буква имени, телефон без кода страны, два email через запятую
('Белова К.',
 '1998/06/22', 'female',
 'belova_ks@mail.ru, belova.kseniya@gmail.com', '926-111-22-33', NULL,
 '5030101234', NULL,
 'не замужем', 'bronze', 'belova_ks98', '2023-09-10', 'активен', NULL),

-- 15: дата DD/MM/YYYY, пол "0" (числовой код), СНИЛС с пробелами вместо дефисов
('Тарасов Константин Игоревич',
 '25/12/1970', '0',
 'k.tarasov@yandex.ru', '8(383)999-88-77', NULL,
 '7700000000', '123 456 789 00',
 'вдовец', 'silver', 'k.tarasov70', '2021-01-11', 'активен', NULL),

-- 16: email через точку с запятой (не запятую!), пол "Мужчина"
('ГРОМОВ АРТЁМ ВИКТОРОВИЧ',
 '12.09.1993', 'Мужчина',
 'artem.gromov@gmail.com;a.gromov@work.ru', '+79151234567', NULL,
 '5050 1234 56', '88899900011',
 'не женат', 'bronze', 'artem.gromov93', '2023-03-05', 'активен', NULL),

-- 17: дата на английском "March 5, 1991", нет уровня лояльности
('Фролова Наталья',
 'March 5, 1991', 'female',
 'frolova_n@bk.ru', '+7 917 777 66 55', NULL,
 NULL, '321-654-987 00',
 'одинокая', NULL, 'natasha.frolova91', '2022-04-20', 'активен', NULL),

-- 18: дата DD-MM-YYYY, пол строчная "м", СНИЛС повторяется (та же ошибка ввода что у #16)
('Захаров Олег Михайлович',
 '12-09-1983', 'м',
 'o.zakharov@inbox.ru', '8 (925) 456 78 90', NULL,
 '7714 998877', '88899900011',
 'Женат', 'bronze', 'o.zakharov83', '2020-11-30', 'активен', NULL),

-- 19: email с опечаткой — пропущен символ @
('Крылова Марина Вячеславовна',
 '1979-11-30', 'Ж',
 'marinakrylova.mail.ru', '+79123456789', NULL,
 '7714998877', '001 002 003 04',
 'замужем', 'silver', 'marina.krylova79', '2019-05-15', 'активен',
 'email уточнить'),

-- 20: дата "15 августа 1967 года", ИНН NULL
('Богданов Виктор Анатольевич',
 '15 августа 1967 года', 'M',
 'v.bogdanov@gmail.com', '8 800 333 44 55', NULL,
 NULL, '001 002 003 04',
 'женат', 'gold', 'v.bogdanov67', '2016-06-01', 'активен', NULL),

-- 21: marital "незамужем" слитно, СНИЛС NULL
('Симонова Алина Дмитриевна',
 '30.06.1994', 'Ж',
 'alina.simonova@yandex.ru', '+79269998877', NULL,
 '770100445566', NULL,
 'незамужем', 'silver', 'alina.simonova94', '2023-08-12', 'активен', NULL),

-- 22: нет телефона, дата YYYY/MM/DD, marital "холостой" с суффиксом
('Вешняков Кирилл Павлович',
 '1988/11/11', 'М',
 'kirill_v@hotmail.com', NULL, NULL,
 '770100445566', '123-456-789 00',
 'холостой', 'bronze', 'kirill.v88', '2024-05-03', 'активен', NULL),

-- 23: дата "н/д" (не определена), нет ИНН и СНИЛС
('Горбунова Диана Сергеевна',
 'н/д', 'Ж',
 'd.gorbunova@gmail.com', '+74951234567', NULL,
 NULL, NULL,
 'Замужем', 'bronze', 'diana.gorbunova', '2025-03-15', 'активен',
 'дата рождения неизвестна'),

-- 24: иностранный гражданин (Молдова), нет ИНН/СНИЛС, зарубежный номер +373
('Попеску Ион Александрович',
 '15.03.1987', 'М',
 'ion.popescu@mail.ru', '+37369123456', NULL,
 NULL, NULL,
 'женат', 'silver', 'ion.popescu87', '2022-10-10', 'активен',
 'гражданин Молдовы, ИНН отсутствует'),

-- 25: пол "муж." с точкой, ИНН с дефисами, дата без слова "года"
('Чернов Илья Павлович',
 '5 января 1991', 'муж.',
 'ilya.chernov@gmail.com', '8 901 234 56 78', NULL,
 '7701-00-445566', '321-654-987 00',
 'не женат', 'bronze', 'ilya.chernov91', '2023-11-20', 'активен', NULL);

-- ============================================================
-- ДАННЫЕ: cust_addresses (20 записей)
-- addr_type — свободный текст, address — нередко одной строкой
-- ============================================================

INSERT INTO cust_addresses (cust_id, addr_type, address, city, zip_code) VALUES
(1,  'доставка',         'Каширское шоссе 34 кв. 128',                                  'Москва',          '115533'),
(2,  'delivery',         'Кронверкский пр-т, 7, кв.14',                                 'СПб',             '197101'),
(3,  'дом',              'Красный проспект 26/5',                                        'Новосибирск',     '630099'),
(4,  'home',             'ул. Ленина 100, кв 55',                                        'Екатеринбург',    '620000'),
(5,  'Адрес доставки',   'ул. Пушкина д. 10 кв. 35',                                    'Москва',          '125009'),
(5,  'регистрация',      'Московская обл г Подольск ул Садовая 5',                       NULL,              '142100'),
(6,  'дом',              'пр. Мира 55-А кв.3',                                           'Москва',          '129085'),
(7,  'адр',              'Невский пр. 100 кв.200',                                       'Санкт-Петербург', '191025'),
(8,  'доставка',         'Россия, г.Москва, ул.Тверская, дом 1',                         'Москва',          '125009'),
(9,  'delivery',         NULL,                                                            'Москва',          NULL),
(10, 'доставка',         'Пр. Ленина 15 оф. 304',                                        'Ростов-на-Дону',  '344000'),
(11, 'home',             'Россия 620000 Свердл.обл г.Екб ул.Малышева 51-79',             'Екатеринбург',    '620000'),
(12, 'доставка',         'Москва ул.4-я Тверская-Ямская 5',                              'Москва',          '125047'),
(13, 'дом',              'Казань ул. Баумана 10',                                        'Казань',           '420000'),
(14, 'delivery',         '198328, г. Санкт-Петербург, ул. Маршала Жукова, д.41 к.1 кв.22','СПб',            '198328'),
(15, 'home',             'Новосибирск пр-т Карла Маркса 7 кв 19',                        'Нвсб',            '630007'),
(16, 'доставка',         'МО, Химки, Юбилейный пр. 78, кв.55',                           'Химки',           '141400'),
(17, 'дом',              'Краснодар Красная 135',                                         'Краснодар',       '350000'),
(20, 'home',             'г. Москва 4-й Лесной пер. 4',                                  'Москва',          '125047'),
(21, 'доставка',         'Санкт-Петербург Литейный проспект 44',                          'СПб',             '191014');

-- ============================================================
-- ДАННЫЕ: cust_docs (15 записей)
-- doc_data — серия, номер, кем выдан, дата — всё в одной строке
-- Форматы намеренно разные: пробел, запятая, слэш, двоеточие
-- ============================================================

INSERT INTO cust_docs (cust_id, doc_type, doc_data) VALUES
(1,  'паспорт РФ',
     '4516 654321 выдан ОУФМС России по р-ну Печатники г.Москвы 01.04.2016 к/п 770-007'),
(2,  'Паспорт',
     'серия 4513 № 123789, ОВД Академический г.Москвы, дата 20.08.2012'),
(3,  'паспорт',
     '45 12 998877 ОВД района Бибирево г.Москвы 12.09.2012'),
(4,  'ПАСПОРТ РФ',
     'Серия:45 08 Номер:789012, Кем выдан: ОФМС района Измайлово г.Москвы, Дата:01.06.2008'),
(5,  'паспорт РФ',
     '4509 112233 ОУФМС России 77 рег. 20.04.2009 770-043'),
(6,  'п-т',
     '40 14 876543 / ОУФМС Тверской / 15-03-2014 / к/п 770-013'),
(7,  'Паспорт гражданина РФ',
     'с.4515 н.567890 выд.15.12.2015 УФМС по г.СПб и ЛО по Адмиралтейскому р-ну'),
(8,  'паспорт',
     '4516123456,ОУФМС по ЗАО г.Москвы,2016-07-15'),
(10, 'вод. удостоверение',
     '77УТ 445566 выд. 15.05.2019 ГИБДД УМВД России по г.Ростов-на-Дону кат. B,C'),
(11, 'Паспорт',
     'серия 4510 номер 334455 ОУФМС СВАО Москвы 20.03.2010'),
(12, 'паспорт РФ',
     '45 14 223344 ФКУ ГИАЦ МВД России 10.06.2014'),
(13, 'ПАСПОРТ',
     '4512 887766 УФМС ПО Г.КАЗАНИ 01.08.2012'),
(15, 'вод.уд.',
     '77 ХА 123456 2005-11-01 УГИБДД ГУВД г.Москвы A,B'),
(19, 'паспорт РФ',
     '4509 556677, ОУФМС по р-ну Коньково г.Москвы, 15.06.2009, к/п 770-091'),
(24, 'загранпаспорт',
     'MD серия MS номер 1234567 выдан 01.03.2019 истекает 01.03.2029 Кишинёв');

-- ============================================================
-- ДАННЫЕ: cust_consents (25 записей)
-- agreed — максимальное разнообразие форматов
-- ============================================================

INSERT INTO cust_consents (cust_id, consent_for, agreed, dt) VALUES
(1,  'обработка персональных данных',  'да',    '2021-05-10'),
(1,  'рекламные рассылки',             'да',    '2021-05-10'),
(1,  'передача данных партнёрам',      'нет',   '2021-05-10'),
(2,  'персональные данные',            '1',     '2022-11-03'),
(2,  'маркетинг',                      '0',     '2022-11-03'),
(3,  'обработка ПД',                   'yes',   '2020-02-14'),
(3,  'реклама',                        'no',    '2020-02-14'),
(4,  'ПД',                             '+',     '2023-04-01'),
(5,  'обработка персональных данных',  'ДА',    '2019-08-20'),
(5,  'рекламные рассылки',             'ДА',    '2019-08-20'),
(5,  'передача партнёрам',             'НЕТ',   '2019-08-20'),
(6,  'персональные данные',            'true',  '2018-06-05'),
(6,  'маркетинг',                      'false', '2018-06-05'),
(7,  'ПД',                             '+',     '2017-03-22'),
(8,  'обработка ПД',                   'Да',    '2024-02-29'),
(9,  'персональные данные',            '1',     '2025-01-10'),
(10, 'ПД',                             'да',    '2020-09-01'),
(10, 'реклама',                        '-',     '2020-09-01'),
(11, 'обработка персональных данных',  'yes',   '2016-12-01'),
(12, 'ПД',                             'да',    '2021-07-07'),
(12, 'маркетинг',                      'да',    '2021-07-07'),
(13, 'персональные данные',            'TRUE',  '2022-07-15'),
(14, 'ПД',                             '1',     '2023-09-10'),
(15, 'обработка ПД',                   'да',    '2021-01-11'),
(16, 'персональные данные',            '+',     '2023-03-05');

-- ============================================================
-- ДАННЫЕ: cust_extra (покупательские предпочтения)
-- Названия ключей не стандартизованы
-- ============================================================

INSERT INTO cust_extra (cust_id, param_name, param_val) VALUES
(1,  'любимая_категория',  'ноутбуки'),
(1,  'preferred_brand',    'Apple'),
(1,  'budget',             '150000'),
(2,  'fav_category',       'смартфоны'),
(2,  'brand',              'Samsung'),
(2,  'рассрочка',          'да'),
(3,  'категория',          'gaming'),
(3,  'бюджет_руб',         '80 000'),         -- число с пробелом
(4,  'любимый_бренд',      'Lenovo'),
(5,  'любимая категория',  'умный дом'),       -- пробел в ключе
(5,  'smart_home',         'yes'),
(5,  'бюджет',             '300тыс'),          -- не число!
(6,  'категория',          'телевизоры'),
(7,  'fav_cat',            'TV'),
(7,  'preferred_brand',    'LG'),
(8,  'Sony',               'да'),              -- ключ и значение перепутаны местами
(8,  'категория',          'фото'),
(10, 'brand',              'нет предпочтений'),
(11, 'любимая_категория',  'Ноутбуки'),        -- заглавная, у #1 строчная
(12, 'fav',                'iPhone'),          -- сокращённый ключ
(12, 'smart_home',         '1'),
(15, 'бренд',              'HP'),
(17, 'категория',          'смартфоны'),
(20, 'preferred_brand',    'Apple'),
(20, 'ecosystem',          'Apple');

-- ============================================================
-- СКРИПТЫ ВЫГРУЗКИ ДЛЯ ПАРТНЁРА
-- Передайте партнёру результаты этих SELECT-запросов
-- (или выполните через \COPY ... TO 'file.csv' WITH CSV HEADER)
-- ============================================================

-- Полный срез по клиентам
SELECT
    c.cust_id,
    c.fullname,
    c.birth_dt,
    c.sex,
    c.email,
    c.phone,
    c.phone2,
    c.inn,
    c.snils,
    c.marital,
    c.loyalty_lvl,
    c.login,
    c.reg_date,
    c.status,
    c.notes,
    -- адреса: первый (основной)
    a.addr_type,
    a.address   AS addr_raw,
    a.city,
    a.zip_code,
    -- документ: первый
    d.doc_type,
    d.doc_data
FROM customers c
LEFT JOIN LATERAL (
    SELECT * FROM cust_addresses WHERE cust_id = c.cust_id ORDER BY addr_id LIMIT 1
) a ON TRUE
LEFT JOIN LATERAL (
    SELECT * FROM cust_docs WHERE cust_id = c.cust_id ORDER BY doc_id LIMIT 1
) d ON TRUE
ORDER BY c.cust_id;

-- Согласия
SELECT
    c.cust_id,
    c.fullname,
    cn.consent_for,
    cn.agreed,
    cn.dt
FROM customers c
JOIN cust_consents cn ON cn.cust_id = c.cust_id
ORDER BY c.cust_id, cn.consent_id;

-- Дополнительные атрибуты (EAV)
SELECT
    c.cust_id,
    c.fullname,
    e.param_name,
    e.param_val
FROM customers c
JOIN cust_extra e ON e.cust_id = c.cust_id
ORDER BY c.cust_id, e.extra_id;

-- Все адреса (включая дополнительные)
SELECT
    c.cust_id,
    c.fullname,
    a.addr_type,
    a.address,
    a.city,
    a.zip_code
FROM customers c
JOIN cust_addresses a ON a.cust_id = c.cust_id
ORDER BY c.cust_id, a.addr_id;
